{"w": 6.067100912332535e-05, "_timestamp": 1666101715.9104753, "_runtime": 332.2732071876526, "_step": 15, "w nominal": 0.06443844735622406, "x": 1.539243385195732e-05, "x nominal": 0.20005883276462555, "y": 0.0006355196237564087, "y nominal": 0.04456005245447159, "training_loss": 0.6173779964447021, "training_acc": 0.6328125, "training_f1_score": 0.6328125, "positive_examples": 267.0, "epoch": 1, "trainer/global_step": 6999, "_wandb": {"runtime": 343}}