{"w": {"_type": "plotly-file", "sha256": "7c8d6d920f471542fdd2bb4b935211e0dd6580f9357defceae6c68586638c4b6", "size": 30691, "path": "media/plotly/w_0_7c8d6d920f471542fdd2.plotly.json"}, "_timestamp": 1666105744.1541731, "_runtime": 117.22460913658142, "_step": 11, "w reweighted": 0.0007073674350976944, "w nominal": 0.0574977807700634, "x": {"_type": "plotly-file", "sha256": "0f47efe2b93cc49706750a5a63d4d1becbad033fa1c121b722b9fcac60fe6452", "size": 31933, "path": "media/plotly/x_3_0f47efe2b93cc4970675.plotly.json"}, "x reweighted": 0.0012370434124022722, "x nominal": 0.20562595129013062, "y": {"_type": "plotly-file", "sha256": "34c673bad54df3e6b99023ce8789fc842108f018b57bb3783ab1dc811ed9c8a8", "size": 31743, "path": "media/plotly/y_6_34c673bad54df3e6b990.plotly.json"}, "y reweighted": 0.001068319659680128, "y nominal": 0.04434768483042717, "training_loss": 0.6050604581832886, "training_acc": 0.677734375, "training_f1_score": 0.677734375, "positive_examples": 511.0, "epoch": 1, "trainer/global_step": 2999, "_wandb": {"runtime": 130}}