{"w": 0.04330055043101311, "_timestamp": 1666099442.3757787, "_runtime": 2436.060822725296, "_step": 119, "w nominal": 0.06392057240009308, "x": 0.022024575620889664, "x nominal": 0.19947314262390137, "y": 0.040550410747528076, "y nominal": 0.04865078255534172, "training_loss": 0.5257741212844849, "training_acc": 0.73046875, "training_f1_score": 0.73046875, "positive_examples": 268.0, "epoch": 25, "trainer/global_step": 100999, "validation_loss": 0.5391968488693237, "validation_acc": 0.7095174789428711, "validation_f1_score": 0.7095174789428711, "_wandb": {"runtime": 2466}}