{"w": {"_type": "plotly-file", "sha256": "3a73658d49852b35ca335b2702e8953417c386778b2231fdc750c547599cbefd", "size": 30671, "path": "media/plotly/w_0_3a73658d49852b35ca33.plotly.json"}, "_timestamp": 1666104562.659068, "_runtime": 155.7010850906372, "_step": 11, "w reweighted": 0.002083688974380493, "w nominal": 0.06371692568063736, "x": {"_type": "plotly-file", "sha256": "edb5f3768206f80872c37491e4e42dd703e3e1afe0dc3a2ef278ccd5a17cfc3a", "size": 31905, "path": "media/plotly/x_3_edb5f3768206f80872c3.plotly.json"}, "x reweighted": 0.002479972317814827, "x nominal": 0.20637820661067963, "y": {"_type": "plotly-file", "sha256": "bcce617dd5c53257ac6864f5e9c99c55e09b0aa32e29b3860b8b4f37271b780c", "size": 31739, "path": "media/plotly/y_6_bcce617dd5c53257ac68.plotly.json"}, "y reweighted": 0.0006131278350949287, "y nominal": 0.05130573362112045, "training_loss": 0.6293739676475525, "training_acc": 0.6181640625, "training_f1_score": 0.6181640625, "positive_examples": 484.0, "epoch": 1, "trainer/global_step": 2999, "_wandb": {"runtime": 169}}